algorithm,RC,makespan,load_balance_ratio,communication_cost,waiting_time,energy_cost
HEFT,2,40.273900870284194,1.066726718210427,175.05454545454543,21.461242194003834,1970.4870817502633
PEFT,2,49.23680908778194,1.202655014936729,176.99999999999994,21.547320402300894,1704.3068317323127
HEFT,4,36.57748992263501,1.2328220204087013,446.62973986499856,18.459307484957762,3293.17425584962
PEFT,4,57.10863480801675,1.7045218490268426,504.4687490624878,22.947922646072193,1974.9843594685005
HEFT,8,20.35481962082418,2.735678039344265,268.1647096887851,8.996536742857488,1486.165938751501
PEFT,8,34.94750715302305,3.8111191904984207,439.3803299597729,14.876952648817872,753.3592276489037
