algorithm,makespan,load_balance_ratio,communication_cost,waiting_time,energy_cost
HEFT,184.12944466730204,1.839682448745011,42.699999999999996,79.60173274669341,762.237253481685
PEFT,184.12944466730204,1.7977944658425244,32.8,79.60173274669341,794.3634352453525
