algorithm,makespan,load_balance_ratio,communication_cost,waiting_time,energy_cost
HEFT,64.0,1.6842105263157894,89.0,22.8,239.3
PEFT,54.0,1.2461538461538462,0.0,22.6,281.00000000000006
HEFT,64.0,1.6842105263157894,89.0,22.8,239.3
PEFT,54.0,1.2461538461538462,0.0,22.6,281.00000000000006
DLS,63.0,1.3216783216783217,0.0,17.4,374.9
HEFT-LA,64.0,1.6842105263157894,89.0,22.8,239.3
