algorithm,makespan,load_balance_ratio,communication_cost,waiting_time,energy_cost,tag
HEFT,29.464451055465293,2.160878710347354,4.232558139534883,10.925751556223817,,mygraph
PEFT,29.7739066854223,2.1105248341186376,6.422364672364672,11.162508129243083,,mygraph
DLS,29.464451055465293,2.160878710347354,4.232558139534883,10.925751556223817,,mygraph
HEFT-LA,29.464451055465293,2.131518183188935,3.6162790697674416,10.823958142580706,,mygraph
