algorithm,makespan,load_balance_ratio,communication_cost,waiting_time,energy_cost,tag
HEFT,3.5850446905597955,2.2668070630554733,0.0,1.3079476345220864,,global
PEFT,3.5850446905597955,2.2668070630554733,0.0,1.3079476345220864,,global
DLS,3.5850446905597955,2.2668070630554733,0.0,1.3079476345220864,,global
HEFT-LA,3.5850446905597955,2.2668070630554733,0.0,1.3079476345220864,,global
