algorithm,RC,makespan,load_balance_ratio,communication_cost,waiting_time,energy_cost
HEFT,2,7.468416989303489,1.6414519886610175,13.218390804597698,2.20913782540838,146.7716847449619
PEFT,2,8.644801685043952,1.9080283674425393,11.436781609195402,2.652888228662885,134.74967571971007
HEFT,4,6.373842514874611,2.8609817998243385,19.7169114529771,2.530364871673629,200.36303754024166
PEFT,4,11.756337230219872,4.6871883015924585,38.501847195696136,4.435737278533594,104.04341591058002
HEFT,8,8.456354498024472,6.058489758139657,37.27588860806999,3.2309266495206783,164.47365883531995
PEFT,8,12.239046139092938,9.867380680652165,63.98346828400278,5.657820170642175,71.75473652624564
