algorithm,makespan,load_balance_ratio,communication_cost,waiting_time,energy_cost,tag
HEFT,3175.244284954811,3.038511277468719,8816.931446039325,1540.187638002835,,dense120
PEFT,3169.175943646996,3.0319788984903098,8635.89595959595,1538.718824206981,,dense120
DLS,3175.244284954811,3.038511277468719,8816.931446039325,1540.187638002835,,dense120
HEFT-LA,3169.175943646996,3.0312538915801013,8716.956512493345,1538.7078592947,,dense120
IHEFT,3175.244284954811,3.038511277468719,8816.931446039325,1540.187638002835,,dense120
