algorithm,makespan,load_balance_ratio,communication_cost,waiting_time,energy_cost,tag
HEFT,547.2138157894738,1.6632638777795552,307.6268274853802,232.99418859649126,,random50_full
PEFT,545.5138888888889,1.6518210110185887,305.88450292397675,232.60706140350882,,random50_full
DLS,547.2138157894738,1.6632638777795552,307.6268274853802,232.99418859649126,,random50_full
HEFT-LA,547.2138157894738,1.6632638777795552,307.6268274853802,232.99418859649126,,random50_full
IHEFT,547.2138157894738,1.6632638777795552,307.6268274853802,232.99418859649123,,random50_full
