algorithm,RC,makespan,load_balance_ratio,communication_cost,waiting_time,energy_cost
HEFT,2,11.627118819838266,1.749227446908033,16.102564102564106,4.193452012844833,268.7131709090394
PEFT,2,16.569825615200884,2.445039573223645,27.97435897435897,5.487273007914606,233.9452867553613
HEFT,4,8.020917069689405,5.456850776296425,26.52907267366755,3.437029176384906,96.50057668601144
PEFT,4,8.515343747480582,5.206208344658201,30.369260660437938,3.6030011832909095,79.60745375802117
HEFT,8,6.685516690654389,10.63197896547167,22.927222544049776,3.3496594350587783,83.13409585528419
PEFT,8,10.265161197116797,10.937355291352688,29.477726237447083,4.972001614415288,63.5346537608676
