algorithm,RC,makespan,load_balance_ratio,communication_cost,waiting_time,energy_cost
HEFT,2,417.2738268374704,1.01157495344685,794.0172413793108,221.0216751235642,857098.6898639456
PEFT,2,444.4235944436336,1.0807426749692548,857.5862068965514,213.24279008340517,674048.0687785728
HEFT,4,65.67997162231109,1.071189150462782,520.8835842706517,35.31567492939646,213362.1206667685
PEFT,4,90.48187838355757,1.3916375805781565,509.6406158665508,44.48440725505169,162175.2013519605
HEFT,8,76.50055559736266,1.6790470032278135,1324.2656488788004,33.29601290504262,341917.8521932805
PEFT,8,144.97272209178573,3.029111244982686,2049.7418891527973,51.594820403843464,178943.80919040326
