algorithm,RC,makespan,load_balance_ratio,communication_cost,waiting_time,energy_cost
HEFT,2,413.8974627700431,1.0101155934372688,885.9999999999998,218.14666548660267,879693.0352758801
PEFT,2,425.53538269240636,1.0167645468582505,782.1551724137931,211.38819906755296,923579.9630270556
HEFT,4,66.34943969916813,1.0694228669909007,535.6316019985134,36.38645556770425,266711.15346643893
PEFT,4,68.21307902810135,1.0789758015417203,517.0938789457813,35.89011076072434,276806.7138425725
HEFT,8,78.66081384331792,1.6445411801789922,1335.9747310468858,34.13849536901616,418629.05002546584
PEFT,8,94.14292254613235,1.6625706507067015,1318.3106934088744,38.05518988508782,497236.569842105
